{"cameraMode":{"drawMode":0,"name":"Shaded","section":"Shading Mode"},"sceneLighting":true,"audioPlay":false,"sceneViewState":{"m_AlwaysRefresh":false,"showFog":true,"showSkybox":true,"showFlares":true,"showImageEffects":true,"showParticleSystems":true,"showVisualEffectGraphs":true,"m_FxEnabled":true},"in2DMode":false,"pivot":{"x":-0.7601444721221924,"y":1.0123703479766846,"z":0.037978172302246097},"rotation":{"x":-0.005829515866935253,"y":0.9784849286079407,"z":-0.20434404909610749,"w":-0.027913717553019525},"size":3.0504729747772219,"orthographic":false}